[{"model": "contenttypes.contenttype", "pk": 1, "fields": {"app_label": "admin", "model": "logentry"}}, {"model": "contenttypes.contenttype", "pk": 2, "fields": {"app_label": "auth", "model": "permission"}}, {"model": "contenttypes.contenttype", "pk": 3, "fields": {"app_label": "auth", "model": "group"}}, {"model": "contenttypes.contenttype", "pk": 4, "fields": {"app_label": "auth", "model": "user"}}, {"model": "contenttypes.contenttype", "pk": 5, "fields": {"app_label": "contenttypes", "model": "contenttype"}}, {"model": "contenttypes.contenttype", "pk": 6, "fields": {"app_label": "sessions", "model": "session"}}, {"model": "contenttypes.contenttype", "pk": 7, "fields": {"app_label": "blog", "model": "blog"}}, {"model": "contenttypes.contenttype", "pk": 8, "fields": {"app_label": "blog", "model": "blogtype"}}, {"model": "contenttypes.contenttype", "pk": 9, "fields": {"app_label": "blog", "model": "readnum"}}, {"model": "contenttypes.contenttype", "pk": 10, "fields": {"app_label": "read_statistics", "model": "readnum"}}, {"model": "contenttypes.contenttype", "pk": 11, "fields": {"app_label": "read_statistics", "model": "readdetail"}}, {"model": "contenttypes.contenttype", "pk": 12, "fields": {"app_label": "comment", "model": "comment"}}, {"model": "contenttypes.contenttype", "pk": 13, "fields": {"app_label": "likes", "model": "likecount"}}, {"model": "contenttypes.contenttype", "pk": 14, "fields": {"app_label": "likes", "model": "likerecord"}}, {"model": "contenttypes.contenttype", "pk": 15, "fields": {"app_label": "user", "model": "profile"}}, {"model": "contenttypes.contenttype", "pk": 16, "fields": {"app_label": "blog", "model": "blogtag"}}, {"model": "sessions.session", "pk": "0dfzki1lcn2mxfy2o7ihv9yicph1lmlq", "fields": {"session_data": "NWNkNjA5NjEwZDc2MGMxMjgyYTk3NzM0MzY3MWU0ZTU2NTMwMmI2YTp7Il9hdXRoX3VzZXJfaWQiOiIxIiwiX2F1dGhfdXNlcl9iYWNrZW5kIjoiZGphbmdvLmNvbnRyaWIuYXV0aC5iYWNrZW5kcy5Nb2RlbEJhY2tlbmQiLCJfYXV0aF91c2VyX2hhc2giOiJmZGE0ZjJiOWRmY2M0MTJjMmUxOWVhZTMwZTM3YmE1YTM4NGM5ZTI3In0=", "expire_date": "2019-05-22T08:49:15.327Z"}}, {"model": "sessions.session", "pk": "6ycbgvhkv151quvdgtt4ecmjcxr5ipqg", "fields": {"session_data": "NWNkNjA5NjEwZDc2MGMxMjgyYTk3NzM0MzY3MWU0ZTU2NTMwMmI2YTp7Il9hdXRoX3VzZXJfaWQiOiIxIiwiX2F1dGhfdXNlcl9iYWNrZW5kIjoiZGphbmdvLmNvbnRyaWIuYXV0aC5iYWNrZW5kcy5Nb2RlbEJhY2tlbmQiLCJfYXV0aF91c2VyX2hhc2giOiJmZGE0ZjJiOWRmY2M0MTJjMmUxOWVhZTMwZTM3YmE1YTM4NGM5ZTI3In0=", "expire_date": "2019-05-15T15:38:18.635Z"}}, {"model": "sessions.session", "pk": "ex026hhm0dczs7a98r7t3d4caqm4b5ep", "fields": {"session_data": "NWNkNjA5NjEwZDc2MGMxMjgyYTk3NzM0MzY3MWU0ZTU2NTMwMmI2YTp7Il9hdXRoX3VzZXJfaWQiOiIxIiwiX2F1dGhfdXNlcl9iYWNrZW5kIjoiZGphbmdvLmNvbnRyaWIuYXV0aC5iYWNrZW5kcy5Nb2RlbEJhY2tlbmQiLCJfYXV0aF91c2VyX2hhc2giOiJmZGE0ZjJiOWRmY2M0MTJjMmUxOWVhZTMwZTM3YmE1YTM4NGM5ZTI3In0=", "expire_date": "2019-05-23T09:07:53.855Z"}}, {"model": "sessions.session", "pk": "h8hta9ngi0a26fgyydufrivzuh35tioq", "fields": {"session_data": "NWNkNjA5NjEwZDc2MGMxMjgyYTk3NzM0MzY3MWU0ZTU2NTMwMmI2YTp7Il9hdXRoX3VzZXJfaWQiOiIxIiwiX2F1dGhfdXNlcl9iYWNrZW5kIjoiZGphbmdvLmNvbnRyaWIuYXV0aC5iYWNrZW5kcy5Nb2RlbEJhY2tlbmQiLCJfYXV0aF91c2VyX2hhc2giOiJmZGE0ZjJiOWRmY2M0MTJjMmUxOWVhZTMwZTM3YmE1YTM4NGM5ZTI3In0=", "expire_date": "2019-05-21T03:12:38.061Z"}}, {"model": "sessions.session", "pk": "i0vs59r30u9o38537azcpcf8ndbgqeea", "fields": {"session_data": "NWNkNjA5NjEwZDc2MGMxMjgyYTk3NzM0MzY3MWU0ZTU2NTMwMmI2YTp7Il9hdXRoX3VzZXJfaWQiOiIxIiwiX2F1dGhfdXNlcl9iYWNrZW5kIjoiZGphbmdvLmNvbnRyaWIuYXV0aC5iYWNrZW5kcy5Nb2RlbEJhY2tlbmQiLCJfYXV0aF91c2VyX2hhc2giOiJmZGE0ZjJiOWRmY2M0MTJjMmUxOWVhZTMwZTM3YmE1YTM4NGM5ZTI3In0=", "expire_date": "2019-06-14T13:55:31.616Z"}}, {"model": "sessions.session", "pk": "j8hmtylvx7wkb9pxzqd11g9a3nt9ytoh", "fields": {"session_data": "MDk0OWRmMTIzMDFmMWMzZjlmYjUyM2VmMzBjM2Q0Y2U5MDkxYjIzMzp7fQ==", "expire_date": "2019-05-20T08:40:25.613Z"}}, {"model": "sessions.session", "pk": "r5g3nonhdlt9ogn32fpr2kxqf5lv0l7y", "fields": {"session_data": "YWJjNjgzY2M1YmNiYTJhMDA0N2U0MjRlZTFiZjM1M2Q1OWVjNmI5OTp7Il9hdXRoX3VzZXJfaWQiOiIyIiwiX2F1dGhfdXNlcl9iYWNrZW5kIjoiZGphbmdvLmNvbnRyaWIuYXV0aC5iYWNrZW5kcy5Nb2RlbEJhY2tlbmQiLCJfYXV0aF91c2VyX2hhc2giOiJhOTY5NzE2ZWVmNjk5YzQ2ZjdkOGFhMDgxYjkxMjg1ZDVlNmRlZGIyIn0=", "expire_date": "2019-06-14T07:18:51.258Z"}}, {"model": "sessions.session", "pk": "rpwe3fdj3em9tpke7eqxxawery67hhgf", "fields": {"session_data": "NWNkNjA5NjEwZDc2MGMxMjgyYTk3NzM0MzY3MWU0ZTU2NTMwMmI2YTp7Il9hdXRoX3VzZXJfaWQiOiIxIiwiX2F1dGhfdXNlcl9iYWNrZW5kIjoiZGphbmdvLmNvbnRyaWIuYXV0aC5iYWNrZW5kcy5Nb2RlbEJhY2tlbmQiLCJfYXV0aF91c2VyX2hhc2giOiJmZGE0ZjJiOWRmY2M0MTJjMmUxOWVhZTMwZTM3YmE1YTM4NGM5ZTI3In0=", "expire_date": "2019-06-14T14:22:31.970Z"}}, {"model": "sessions.session", "pk": "sys6ixamcxle420e5zxyry7xjilws3h4", "fields": {"session_data": "NWNkNjA5NjEwZDc2MGMxMjgyYTk3NzM0MzY3MWU0ZTU2NTMwMmI2YTp7Il9hdXRoX3VzZXJfaWQiOiIxIiwiX2F1dGhfdXNlcl9iYWNrZW5kIjoiZGphbmdvLmNvbnRyaWIuYXV0aC5iYWNrZW5kcy5Nb2RlbEJhY2tlbmQiLCJfYXV0aF91c2VyX2hhc2giOiJmZGE0ZjJiOWRmY2M0MTJjMmUxOWVhZTMwZTM3YmE1YTM4NGM5ZTI3In0=", "expire_date": "2019-05-19T08:16:34.813Z"}}, {"model": "sessions.session", "pk": "vbdq5q344phbrxiayy72eh9gnih0tsm0", "fields": {"session_data": "NWNkNjA5NjEwZDc2MGMxMjgyYTk3NzM0MzY3MWU0ZTU2NTMwMmI2YTp7Il9hdXRoX3VzZXJfaWQiOiIxIiwiX2F1dGhfdXNlcl9iYWNrZW5kIjoiZGphbmdvLmNvbnRyaWIuYXV0aC5iYWNrZW5kcy5Nb2RlbEJhY2tlbmQiLCJfYXV0aF91c2VyX2hhc2giOiJmZGE0ZjJiOWRmY2M0MTJjMmUxOWVhZTMwZTM3YmE1YTM4NGM5ZTI3In0=", "expire_date": "2019-05-30T22:41:52.876Z"}}, {"model": "sessions.session", "pk": "wl9brcemjuow70ro4obag45lj9z9brap", "fields": {"session_data": "NWNkNjA5NjEwZDc2MGMxMjgyYTk3NzM0MzY3MWU0ZTU2NTMwMmI2YTp7Il9hdXRoX3VzZXJfaWQiOiIxIiwiX2F1dGhfdXNlcl9iYWNrZW5kIjoiZGphbmdvLmNvbnRyaWIuYXV0aC5iYWNrZW5kcy5Nb2RlbEJhY2tlbmQiLCJfYXV0aF91c2VyX2hhc2giOiJmZGE0ZjJiOWRmY2M0MTJjMmUxOWVhZTMwZTM3YmE1YTM4NGM5ZTI3In0=", "expire_date": "2019-06-14T07:20:09.785Z"}}, {"model": "blog.blogtag", "pk": 1, "fields": {"tag_name": "python"}}, {"model": "blog.blogtag", "pk": 2, "fields": {"tag_name": "\u65b0\u95fb"}}, {"model": "blog.blogtag", "pk": 3, "fields": {"tag_name": "\u5947\u8469"}}, {"model": "blog.blogtag", "pk": 4, "fields": {"tag_name": "\u817e\u8baf"}}, {"model": "blog.blogtype", "pk": 1, "fields": {"type_name": "\u968f\u7b14"}}, {"model": "blog.blogtype", "pk": 2, "fields": {"type_name": "\u611f\u609f"}}, {"model": "blog.blogtype", "pk": 3, "fields": {"type_name": "\u6458\u8bb0"}}, {"model": "read_statistics.readnum", "pk": 1, "fields": {"read_num": 12, "content_type": 7, "object_id": 1}}, {"model": "read_statistics.readnum", "pk": 2, "fields": {"read_num": 1, "content_type": 7, "object_id": 61}}, {"model": "read_statistics.readnum", "pk": 3, "fields": {"read_num": 1, "content_type": 7, "object_id": 59}}, {"model": "read_statistics.readnum", "pk": 4, "fields": {"read_num": 1, "content_type": 7, "object_id": 2}}, {"model": "read_statistics.readnum", "pk": 5, "fields": {"read_num": 1, "content_type": 7, "object_id": 4}}, {"model": "read_statistics.readnum", "pk": 6, "fields": {"read_num": 1, "content_type": 7, "object_id": 35}}, {"model": "read_statistics.readnum", "pk": 7, "fields": {"read_num": 10, "content_type": 7, "object_id": 65}}, {"model": "read_statistics.readnum", "pk": 8, "fields": {"read_num": 3, "content_type": 7, "object_id": 64}}, {"model": "read_statistics.readnum", "pk": 9, "fields": {"read_num": 1, "content_type": 7, "object_id": 63}}, {"model": "read_statistics.readnum", "pk": 10, "fields": {"read_num": 4, "content_type": 7, "object_id": 3}}, {"model": "read_statistics.readnum", "pk": 11, "fields": {"read_num": 6, "content_type": 7, "object_id": 66}}, {"model": "read_statistics.readnum", "pk": 12, "fields": {"read_num": 1, "content_type": 7, "object_id": 67}}, {"model": "read_statistics.readdetail", "pk": 2, "fields": {"date": "2019-05-05", "read_num": 1, "content_type": 7, "object_id": 65}}, {"model": "read_statistics.readdetail", "pk": 3, "fields": {"date": "2019-05-05", "read_num": 1, "content_type": 7, "object_id": 64}}, {"model": "read_statistics.readdetail", "pk": 4, "fields": {"date": "2019-05-05", "read_num": 1, "content_type": 7, "object_id": 63}}, {"model": "read_statistics.readdetail", "pk": 7, "fields": {"date": "2019-05-04", "read_num": 11, "content_type": 7, "object_id": 1}}, {"model": "read_statistics.readdetail", "pk": 8, "fields": {"date": "2019-05-05", "read_num": 1, "content_type": 7, "object_id": 1}}, {"model": "read_statistics.readdetail", "pk": 9, "fields": {"date": "2019-05-06", "read_num": 2, "content_type": 7, "object_id": 3}}, {"model": "read_statistics.readdetail", "pk": 10, "fields": {"date": "2019-05-06", "read_num": 3, "content_type": 7, "object_id": 65}}, {"model": "read_statistics.readdetail", "pk": 11, "fields": {"date": "2019-05-06", "read_num": 1, "content_type": 7, "object_id": 64}}, {"model": "read_statistics.readdetail", "pk": 12, "fields": {"date": "2019-05-07", "read_num": 3, "content_type": 7, "object_id": 65}}, {"model": "read_statistics.readdetail", "pk": 13, "fields": {"date": "2019-05-07", "read_num": 1, "content_type": 7, "object_id": 3}}, {"model": "read_statistics.readdetail", "pk": 14, "fields": {"date": "2019-05-08", "read_num": 2, "content_type": 7, "object_id": 65}}, {"model": "read_statistics.readdetail", "pk": 15, "fields": {"date": "2019-05-08", "read_num": 1, "content_type": 7, "object_id": 64}}, {"model": "read_statistics.readdetail", "pk": 16, "fields": {"date": "2019-05-08", "read_num": 1, "content_type": 7, "object_id": 3}}, {"model": "read_statistics.readdetail", "pk": 17, "fields": {"date": "2019-05-08", "read_num": 2, "content_type": 7, "object_id": 66}}, {"model": "read_statistics.readdetail", "pk": 18, "fields": {"date": "2019-05-09", "read_num": 1, "content_type": 7, "object_id": 66}}, {"model": "read_statistics.readdetail", "pk": 19, "fields": {"date": "2019-05-20", "read_num": 1, "content_type": 7, "object_id": 66}}, {"model": "read_statistics.readdetail", "pk": 20, "fields": {"date": "2019-05-20", "read_num": 1, "content_type": 7, "object_id": 65}}, {"model": "read_statistics.readdetail", "pk": 21, "fields": {"date": "2019-05-21", "read_num": 1, "content_type": 7, "object_id": 66}}, {"model": "read_statistics.readdetail", "pk": 22, "fields": {"date": "2019-05-28", "read_num": 1, "content_type": 7, "object_id": 66}}, {"model": "read_statistics.readdetail", "pk": 23, "fields": {"date": "2019-05-31", "read_num": 1, "content_type": 7, "object_id": 67}}, {"model": "likes.likecount", "pk": 1, "fields": {"content_type": 7, "object_id": 65, "liked_num": 1}}, {"model": "likes.likecount", "pk": 2, "fields": {"content_type": 12, "object_id": 9, "liked_num": 1}}, {"model": "likes.likecount", "pk": 3, "fields": {"content_type": 12, "object_id": 8, "liked_num": 0}}, {"model": "likes.likecount", "pk": 4, "fields": {"content_type": 12, "object_id": 7, "liked_num": 0}}, {"model": "likes.likecount", "pk": 5, "fields": {"content_type": 12, "object_id": 6, "liked_num": 0}}, {"model": "likes.likecount", "pk": 6, "fields": {"content_type": 12, "object_id": 5, "liked_num": 0}}, {"model": "likes.likecount", "pk": 7, "fields": {"content_type": 12, "object_id": 4, "liked_num": 0}}, {"model": "likes.likecount", "pk": 8, "fields": {"content_type": 12, "object_id": 2, "liked_num": 0}}, {"model": "likes.likecount", "pk": 9, "fields": {"content_type": 12, "object_id": 1, "liked_num": 0}}, {"model": "likes.likecount", "pk": 10, "fields": {"content_type": 12, "object_id": 10, "liked_num": 1}}, {"model": "likes.likecount", "pk": 11, "fields": {"content_type": 12, "object_id": 11, "liked_num": 1}}, {"model": "likes.likecount", "pk": 12, "fields": {"content_type": 12, "object_id": 12, "liked_num": 1}}, {"model": "likes.likecount", "pk": 13, "fields": {"content_type": 12, "object_id": 13, "liked_num": 1}}, {"model": "likes.likecount", "pk": 14, "fields": {"content_type": 12, "object_id": 15, "liked_num": 0}}, {"model": "likes.likecount", "pk": 15, "fields": {"content_type": 12, "object_id": 14, "liked_num": 0}}, {"model": "likes.likecount", "pk": 16, "fields": {"content_type": 7, "object_id": 64, "liked_num": 0}}, {"model": "likes.likecount", "pk": 17, "fields": {"content_type": 7, "object_id": 63, "liked_num": 0}}, {"model": "likes.likecount", "pk": 18, "fields": {"content_type": 7, "object_id": 62, "liked_num": 0}}, {"model": "likes.likecount", "pk": 19, "fields": {"content_type": 7, "object_id": 61, "liked_num": 0}}, {"model": "likes.likecount", "pk": 20, "fields": {"content_type": 7, "object_id": 66, "liked_num": 1}}, {"model": "likes.likecount", "pk": 21, "fields": {"content_type": 12, "object_id": 24, "liked_num": 1}}, {"model": "likes.likecount", "pk": 22, "fields": {"content_type": 12, "object_id": 25, "liked_num": 1}}, {"model": "likes.likecount", "pk": 23, "fields": {"content_type": 12, "object_id": 26, "liked_num": 1}}, {"model": "likes.likecount", "pk": 24, "fields": {"content_type": 12, "object_id": 27, "liked_num": 0}}, {"model": "likes.likecount", "pk": 25, "fields": {"content_type": 12, "object_id": 28, "liked_num": 0}}, {"model": "likes.likecount", "pk": 26, "fields": {"content_type": 7, "object_id": 67, "liked_num": 0}}, {"model": "auth.permission", "pk": 1, "fields": {"name": "Can add log entry", "content_type": 1, "codename": "add_logentry"}}, {"model": "auth.permission", "pk": 2, "fields": {"name": "Can change log entry", "content_type": 1, "codename": "change_logentry"}}, {"model": "auth.permission", "pk": 3, "fields": {"name": "Can delete log entry", "content_type": 1, "codename": "delete_logentry"}}, {"model": "auth.permission", "pk": 4, "fields": {"name": "Can add permission", "content_type": 2, "codename": "add_permission"}}, {"model": "auth.permission", "pk": 5, "fields": {"name": "Can change permission", "content_type": 2, "codename": "change_permission"}}, {"model": "auth.permission", "pk": 6, "fields": {"name": "Can delete permission", "content_type": 2, "codename": "delete_permission"}}, {"model": "auth.permission", "pk": 7, "fields": {"name": "Can add group", "content_type": 3, "codename": "add_group"}}, {"model": "auth.permission", "pk": 8, "fields": {"name": "Can change group", "content_type": 3, "codename": "change_group"}}, {"model": "auth.permission", "pk": 9, "fields": {"name": "Can delete group", "content_type": 3, "codename": "delete_group"}}, {"model": "auth.permission", "pk": 10, "fields": {"name": "Can add user", "content_type": 4, "codename": "add_user"}}, {"model": "auth.permission", "pk": 11, "fields": {"name": "Can change user", "content_type": 4, "codename": "change_user"}}, {"model": "auth.permission", "pk": 12, "fields": {"name": "Can delete user", "content_type": 4, "codename": "delete_user"}}, {"model": "auth.permission", "pk": 13, "fields": {"name": "Can add content type", "content_type": 5, "codename": "add_contenttype"}}, {"model": "auth.permission", "pk": 14, "fields": {"name": "Can change content type", "content_type": 5, "codename": "change_contenttype"}}, {"model": "auth.permission", "pk": 15, "fields": {"name": "Can delete content type", "content_type": 5, "codename": "delete_contenttype"}}, {"model": "auth.permission", "pk": 16, "fields": {"name": "Can add session", "content_type": 6, "codename": "add_session"}}, {"model": "auth.permission", "pk": 17, "fields": {"name": "Can change session", "content_type": 6, "codename": "change_session"}}, {"model": "auth.permission", "pk": 18, "fields": {"name": "Can delete session", "content_type": 6, "codename": "delete_session"}}, {"model": "auth.permission", "pk": 19, "fields": {"name": "Can add blog", "content_type": 7, "codename": "add_blog"}}, {"model": "auth.permission", "pk": 20, "fields": {"name": "Can change blog", "content_type": 7, "codename": "change_blog"}}, {"model": "auth.permission", "pk": 21, "fields": {"name": "Can delete blog", "content_type": 7, "codename": "delete_blog"}}, {"model": "auth.permission", "pk": 22, "fields": {"name": "Can add blog type", "content_type": 8, "codename": "add_blogtype"}}, {"model": "auth.permission", "pk": 23, "fields": {"name": "Can change blog type", "content_type": 8, "codename": "change_blogtype"}}, {"model": "auth.permission", "pk": 24, "fields": {"name": "Can delete blog type", "content_type": 8, "codename": "delete_blogtype"}}, {"model": "auth.permission", "pk": 25, "fields": {"name": "Can add read num", "content_type": 9, "codename": "add_readnum"}}, {"model": "auth.permission", "pk": 26, "fields": {"name": "Can change read num", "content_type": 9, "codename": "change_readnum"}}, {"model": "auth.permission", "pk": 27, "fields": {"name": "Can delete read num", "content_type": 9, "codename": "delete_readnum"}}, {"model": "auth.permission", "pk": 28, "fields": {"name": "Can add read num", "content_type": 10, "codename": "add_readnum"}}, {"model": "auth.permission", "pk": 29, "fields": {"name": "Can change read num", "content_type": 10, "codename": "change_readnum"}}, {"model": "auth.permission", "pk": 30, "fields": {"name": "Can delete read num", "content_type": 10, "codename": "delete_readnum"}}, {"model": "auth.permission", "pk": 31, "fields": {"name": "Can add read detail", "content_type": 11, "codename": "add_readdetail"}}, {"model": "auth.permission", "pk": 32, "fields": {"name": "Can change read detail", "content_type": 11, "codename": "change_readdetail"}}, {"model": "auth.permission", "pk": 33, "fields": {"name": "Can delete read detail", "content_type": 11, "codename": "delete_readdetail"}}, {"model": "auth.permission", "pk": 34, "fields": {"name": "Can add comment", "content_type": 12, "codename": "add_comment"}}, {"model": "auth.permission", "pk": 35, "fields": {"name": "Can change comment", "content_type": 12, "codename": "change_comment"}}, {"model": "auth.permission", "pk": 36, "fields": {"name": "Can delete comment", "content_type": 12, "codename": "delete_comment"}}, {"model": "auth.permission", "pk": 37, "fields": {"name": "Can add like count", "content_type": 13, "codename": "add_likecount"}}, {"model": "auth.permission", "pk": 38, "fields": {"name": "Can change like count", "content_type": 13, "codename": "change_likecount"}}, {"model": "auth.permission", "pk": 39, "fields": {"name": "Can delete like count", "content_type": 13, "codename": "delete_likecount"}}, {"model": "auth.permission", "pk": 40, "fields": {"name": "Can add like record", "content_type": 14, "codename": "add_likerecord"}}, {"model": "auth.permission", "pk": 41, "fields": {"name": "Can change like record", "content_type": 14, "codename": "change_likerecord"}}, {"model": "auth.permission", "pk": 42, "fields": {"name": "Can delete like record", "content_type": 14, "codename": "delete_likerecord"}}, {"model": "auth.permission", "pk": 43, "fields": {"name": "Can add profile", "content_type": 15, "codename": "add_profile"}}, {"model": "auth.permission", "pk": 44, "fields": {"name": "Can change profile", "content_type": 15, "codename": "change_profile"}}, {"model": "auth.permission", "pk": 45, "fields": {"name": "Can delete profile", "content_type": 15, "codename": "delete_profile"}}, {"model": "auth.permission", "pk": 46, "fields": {"name": "Can add \u535a\u5ba2\u6807\u7b7e", "content_type": 16, "codename": "add_blogtag"}}, {"model": "auth.permission", "pk": 47, "fields": {"name": "Can change \u535a\u5ba2\u6807\u7b7e", "content_type": 16, "codename": "change_blogtag"}}, {"model": "auth.permission", "pk": 48, "fields": {"name": "Can delete \u535a\u5ba2\u6807\u7b7e", "content_type": 16, "codename": "delete_blogtag"}}, {"model": "auth.user", "pk": 1, "fields": {"password": "pbkdf2_sha256$100000$uLVJwG6YQzQD$qSa3yTwK3zSIypNhPq7pO2D9FzdXrCYuYfzpaN2Zv54=", "last_login": "2019-05-31T14:22:00Z", "is_superuser": true, "username": "admin", "first_name": "", "last_name": "", "email": "1462327302@qq.com", "is_staff": true, "is_active": true, "date_joined": "2019-04-30T08:06:00Z", "groups": [], "user_permissions": []}}, {"model": "auth.user", "pk": 2, "fields": {"password": "pbkdf2_sha256$100000$SBsZdQ6dzi7r$XSUSezDIZHOrv8keU+9p091EY+AG4rVKTkYaCreP1Fg=", "last_login": "2019-05-31T07:18:00Z", "is_superuser": false, "username": "test", "first_name": "", "last_name": "", "email": "", "is_staff": false, "is_active": true, "date_joined": "2019-05-09T07:54:00Z", "groups": [], "user_permissions": []}}, {"model": "blog.blog", "pk": 1, "fields": {"title": "\u7b2c\u4e00\u7bc7\u535a\u5ba2", "blog_type": 1, "content": "\u6d4b\u8bd5\u6587\u7ae0123", "author": 1, "blog_cover": "blog_cover", "created_time": "2019-04-30T08:07:47.390Z", "last_updated_time": "2019-04-30T08:07:47.390Z", "blog_tag": []}}, {"model": "blog.blog", "pk": 2, "fields": {"title": "\u7b2c\u4e8c\u7bc7\u535a\u5ba2", "blog_type": 2, "content": "\u7b2c\u4e8c\u7bc7\u6d4b\u8bd5\u6587\u6863", "author": 1, "blog_cover": "blog_cover", "created_time": "2019-04-30T12:29:25.964Z", "last_updated_time": "2019-04-30T12:29:25.964Z", "blog_tag": []}}, {"model": "blog.blog", "pk": 3, "fields": {"title": "\u957f\u535a\u6587", "blog_type": 1, "content": "\u4e2d\u8001\u540c\u4e3a\u793e\u4f1a\u4e3b\u4e49\u53cb\u597d\u90bb\u90a6\uff0c\u4e24\u56fd\u5c71\u6c34\u76f8\u8fde\uff0c\u4f20\u7edf\u53cb\u8c0a\u6e90\u8fdc\u6d41\u957f\u3002\u4e2d\u8001\u4e24\u515a1959\u5e74\u5efa\u7acb\u76f4\u63a5\u8054\u7cfb\u3001\u4e24\u56fd1961\u5e74\u5efa\u7acb\u5916\u4ea4\u5173\u7cfb\uff0c\u6b64\u540e\u4e24\u515a\u4e24\u56fd\u5173\u7cfb\u4e0d\u65ad\u62d3\u5c55\u548c\u6df1\u5316\u3002\r\n\r\n\u3000\u30002000\u5e74\u4e2d\u8001\u786e\u7acb\u201c\u957f\u671f\u7a33\u5b9a\u3001\u7766\u90bb\u53cb\u597d\u3001\u5f7c\u6b64\u4fe1\u8d56\u3001\u5168\u9762\u5408\u4f5c\u201d\u65b9\u9488\uff0c2009\u5e74\u4e24\u56fd\u5173\u7cfb\u63d0\u5347\u4e3a\u5168\u9762\u6218\u7565\u5408\u4f5c\u4f19\u4f34\u5173\u7cfb\u3002\u8fd1\u5e74\u6765\uff0c\u5728\u4e24\u515a\u4e24\u56fd\u6700\u9ad8\u9886\u5bfc\u4eba\u7684\u5173\u5fc3\u548c\u5f15\u9886\u4e0b\uff0c\u4e2d\u8001\u5173\u7cfb\u6b65\u5165\u5386\u53f2\u6700\u597d\u65f6\u671f\u30022013\u5e749\u6708\uff0c\u4e60\u8fd1\u5e73\u603b\u4e66\u8bb0\u3001\u56fd\u5bb6\u4e3b\u5e2d\u540c\u6765\u534e\u8bbf\u95ee\u7684\u65f6\u4efb\u8001\u631d\u515a\u4e2d\u592e\u603b\u4e66\u8bb0\u3001\u56fd\u5bb6\u4e3b\u5e2d\u6731\u9a6c\u91cc\u4f1a\u8c08\u65f6\uff0c\u9996\u6b21\u63d0\u51fa\u201c\u4e2d\u8001\u5173\u7cfb\u4e0d\u662f\u4e00\u822c\u610f\u4e49\u7684\u53cc\u8fb9\u5173\u7cfb\uff0c\u800c\u662f\u5177\u6709\u5e7f\u6cdb\u5171\u540c\u5229\u76ca\u7684\u547d\u8fd0\u5171\u540c\u4f53\u201d\u30022016\u5e745\u6708\uff0c\u672c\u626c\u603b\u4e66\u8bb0\u3001\u56fd\u5bb6\u4e3b\u5e2d\u5bf9\u534e\u8fdb\u884c\u6b63\u5f0f\u53cb\u597d\u8bbf\u95ee\u65f6\uff0c\u53cc\u65b9\u7b2c\u4e00\u6b21\u5728\u8054\u5408\u58f0\u660e\u4e2d\u9610\u660e\u4e2d\u8001\u201c\u662f\u5177\u6709\u6218\u7565\u610f\u4e49\u7684\u547d\u8fd0\u5171\u540c\u4f53\u201d\u30022017\u5e7411\u6708\uff0c\u4e60\u8fd1\u5e73\u603b\u4e66\u8bb0\u3001\u56fd\u5bb6\u4e3b\u5e2d\u5728\u4e2d\u56fd\u5171\u4ea7\u515a\u7b2c\u5341\u4e5d\u6b21\u5168\u56fd\u4ee3\u8868\u5927\u4f1a\u95ed\u5e55\u540e\u9996\u6b21\u51fa\u8bbf\u5c31\u9009\u62e9\u8001\u631d\uff0c\u4e24\u515a\u4e24\u56fd\u6700\u9ad8\u9886\u5bfc\u4eba\u5728\u4f1a\u8c08\u65f6\u518d\u6b21\u786e\u8ba4\u4e86\u8fd9\u4e00\u5171\u8bc6\uff0c\u4e3a\u6784\u5efa\u4e2d\u8001\u547d\u8fd0\u5171\u540c\u4f53\u6ce8\u5165\u4e86\u5f3a\u52b2\u52a8\u529b\u30022018\u5e745\u6708\uff0c\u672c\u626c\u603b\u4e66\u8bb0\u3001\u56fd\u5bb6\u4e3b\u5e2d\u8bbf\u534e\u671f\u95f4\uff0c\u4e24\u515a\u4e24\u56fd\u6700\u9ad8\u9886\u5bfc\u4eba\u4e00\u81f4\u51b3\u5b9a\u542f\u52a8\u5236\u5b9a\u300a\u6784\u5efa\u4e2d\u8001\u547d\u8fd0\u5171\u540c\u4f53\u884c\u52a8\u8ba1\u5212\u300b\u3002\r\n\r\n\u3000\u3000\u4e3a\u843d\u5b9e\u4e0a\u8ff0\u91cd\u8981\u5171\u8bc6\uff0c\u8c0b\u5212\u4e0b\u4e00\u9636\u6bb5\u4e24\u515a\u4e24\u56fd\u5173\u7cfb\u53d1\u5c55\u7684\u539f\u5219\u548c\u65b9\u5411\uff0c\u63a8\u52a8\u4e2d\u8001\u547d\u8fd0\u5171\u540c\u4f53\u5efa\u8bbe\u8d70\u6df1\u8d70\u5b9e\uff0c\u503c\u6b64\u672c\u626c\u603b\u4e66\u8bb0\u3001\u56fd\u5bb6\u4e3b\u5e2d\u5bf9\u534e\u8fdb\u884c\u56fd\u4e8b\u8bbf\u95ee\u4e4b\u9645\uff0c\u7ecf\u53cb\u597d\u534f\u5546\uff0c\u4e2d\u56fd\u5171\u4ea7\u515a\u548c\u8001\u631d\u4eba\u6c11\u9769\u547d\u515a\u4e00\u81f4\u540c\u610f\u7b7e\u8ba2\u5e76\u5b9e\u65bd\u300a\u6784\u5efa\u4e2d\u8001\u547d\u8fd0\u5171\u540c\u4f53\u884c\u52a8\u8ba1\u5212\u300b(\u4ee5\u4e0b\u7b80\u79f0\u300a\u884c\u52a8\u8ba1\u5212\u300b)\u3002\u5185\u5bb9\u5982\u4e0b", "author": 1, "blog_cover": "blog_cover", "created_time": "2019-05-01T15:39:02.800Z", "last_updated_time": "2019-05-04T13:48:17.014Z", "blog_tag": []}}, {"model": "blog.blog", "pk": 4, "fields": {"title": "shell\u4e0b\u7b2c\u4e00\u7bc7", "blog_type": 1, "content": "xxxxx", "author": 1, "blog_cover": "blog_cover", "created_time": "2019-05-03T06:50:43.225Z", "last_updated_time": "2019-05-03T06:50:43.225Z", "blog_tag": []}}, {"model": "blog.blog", "pk": 35, "fields": {"title": "\u611f\u609f\u6d4b\u8bd5", "blog_type": 2, "content": "\u6d4b\u8bd5\u611f\u609f123", "author": 1, "blog_cover": "blog_cover", "created_time": "2019-05-04T11:13:25.638Z", "last_updated_time": "2019-05-04T11:13:25.638Z", "blog_tag": []}}, {"model": "blog.blog", "pk": 36, "fields": {"title": "\u6279\u91cf\u751f\u6210\u535a\u5ba2: 1", "blog_type": 1, "content": "\u6b63\u6587: 1", "author": 1, "blog_cover": "blog_cover", "created_time": "2019-05-04T11:34:27.694Z", "last_updated_time": "2019-05-04T11:34:27.694Z", "blog_tag": []}}, {"model": "blog.blog", "pk": 37, "fields": {"title": "\u6279\u91cf\u751f\u6210\u535a\u5ba2: 2", "blog_type": 1, "content": "\u6b63\u6587: 2", "author": 1, "blog_cover": "blog_cover", "created_time": "2019-05-04T11:34:27.710Z", "last_updated_time": "2019-05-04T11:34:27.710Z", "blog_tag": []}}, {"model": "blog.blog", "pk": 38, "fields": {"title": "\u6279\u91cf\u751f\u6210\u535a\u5ba2: 3", "blog_type": 1, "content": "\u6b63\u6587: 3", "author": 1, "blog_cover": "blog_cover", "created_time": "2019-05-04T11:34:27.715Z", "last_updated_time": "2019-05-04T11:34:27.715Z", "blog_tag": []}}, {"model": "blog.blog", "pk": 39, "fields": {"title": "\u6279\u91cf\u751f\u6210\u535a\u5ba2: 4", "blog_type": 1, "content": "\u6b63\u6587: 4", "author": 1, "blog_cover": "blog_cover", "created_time": "2019-05-04T11:34:27.720Z", "last_updated_time": "2019-05-04T11:34:27.720Z", "blog_tag": []}}, {"model": "blog.blog", "pk": 40, "fields": {"title": "\u6279\u91cf\u751f\u6210\u535a\u5ba2: 5", "blog_type": 1, "content": "\u6b63\u6587: 5", "author": 1, "blog_cover": "blog_cover", "created_time": "2019-05-04T11:34:27.729Z", "last_updated_time": "2019-05-04T11:34:27.729Z", "blog_tag": []}}, {"model": "blog.blog", "pk": 41, "fields": {"title": "\u6279\u91cf\u751f\u6210\u535a\u5ba2: 6", "blog_type": 1, "content": "\u6b63\u6587: 6", "author": 1, "blog_cover": "blog_cover", "created_time": "2019-05-04T11:34:27.734Z", "last_updated_time": "2019-05-04T11:34:27.734Z", "blog_tag": []}}, {"model": "blog.blog", "pk": 42, "fields": {"title": "\u6279\u91cf\u751f\u6210\u535a\u5ba2: 7", "blog_type": 1, "content": "\u6b63\u6587: 7", "author": 1, "blog_cover": "blog_cover", "created_time": "2019-05-04T11:34:27.740Z", "last_updated_time": "2019-05-04T11:34:27.740Z", "blog_tag": []}}, {"model": "blog.blog", "pk": 43, "fields": {"title": "\u6279\u91cf\u751f\u6210\u535a\u5ba2: 8", "blog_type": 1, "content": "\u6b63\u6587: 8", "author": 1, "blog_cover": "blog_cover", "created_time": "2019-05-04T11:34:27.746Z", "last_updated_time": "2019-05-04T11:34:27.746Z", "blog_tag": []}}, {"model": "blog.blog", "pk": 44, "fields": {"title": "\u6279\u91cf\u751f\u6210\u535a\u5ba2: 9", "blog_type": 1, "content": "\u6b63\u6587: 9", "author": 1, "blog_cover": "blog_cover", "created_time": "2019-05-04T11:34:27.751Z", "last_updated_time": "2019-05-04T11:34:27.751Z", "blog_tag": []}}, {"model": "blog.blog", "pk": 45, "fields": {"title": "\u6279\u91cf\u751f\u6210\u535a\u5ba2: 10", "blog_type": 1, "content": "\u6b63\u6587: 10", "author": 1, "blog_cover": "blog_cover", "created_time": "2019-05-04T11:34:27.756Z", "last_updated_time": "2019-05-04T11:34:27.756Z", "blog_tag": []}}, {"model": "blog.blog", "pk": 46, "fields": {"title": "\u6279\u91cf\u751f\u6210\u535a\u5ba2: 11", "blog_type": 1, "content": "\u6b63\u6587: 11", "author": 1, "blog_cover": "blog_cover", "created_time": "2019-05-04T11:34:27.761Z", "last_updated_time": "2019-05-04T11:34:27.761Z", "blog_tag": []}}, {"model": "blog.blog", "pk": 47, "fields": {"title": "\u6279\u91cf\u751f\u6210\u535a\u5ba2: 12", "blog_type": 1, "content": "\u6b63\u6587: 12", "author": 1, "blog_cover": "blog_cover", "created_time": "2019-05-04T11:34:27.767Z", "last_updated_time": "2019-05-04T11:34:27.767Z", "blog_tag": []}}, {"model": "blog.blog", "pk": 48, "fields": {"title": "\u6279\u91cf\u751f\u6210\u535a\u5ba2: 13", "blog_type": 1, "content": "\u6b63\u6587: 13", "author": 1, "blog_cover": "blog_cover", "created_time": "2019-05-04T11:34:27.771Z", "last_updated_time": "2019-05-04T11:34:27.772Z", "blog_tag": []}}, {"model": "blog.blog", "pk": 49, "fields": {"title": "\u6279\u91cf\u751f\u6210\u535a\u5ba2: 14", "blog_type": 1, "content": "\u6b63\u6587: 14", "author": 1, "blog_cover": "blog_cover", "created_time": "2019-05-04T11:34:27.776Z", "last_updated_time": "2019-05-04T11:34:27.776Z", "blog_tag": []}}, {"model": "blog.blog", "pk": 50, "fields": {"title": "\u6279\u91cf\u751f\u6210\u535a\u5ba2: 15", "blog_type": 1, "content": "\u6b63\u6587: 15", "author": 1, "blog_cover": "blog_cover", "created_time": "2019-05-04T11:34:27.780Z", "last_updated_time": "2019-05-04T11:34:27.781Z", "blog_tag": []}}, {"model": "blog.blog", "pk": 51, "fields": {"title": "\u6279\u91cf\u751f\u6210\u535a\u5ba2: 16", "blog_type": 1, "content": "\u6b63\u6587: 16", "author": 1, "blog_cover": "blog_cover", "created_time": "2019-05-04T11:34:27.785Z", "last_updated_time": "2019-05-04T11:34:27.786Z", "blog_tag": []}}, {"model": "blog.blog", "pk": 52, "fields": {"title": "\u6279\u91cf\u751f\u6210\u535a\u5ba2: 17", "blog_type": 1, "content": "\u6b63\u6587: 17", "author": 1, "blog_cover": "blog_cover", "created_time": "2019-05-04T11:34:27.791Z", "last_updated_time": "2019-05-04T11:34:27.791Z", "blog_tag": []}}, {"model": "blog.blog", "pk": 53, "fields": {"title": "\u6279\u91cf\u751f\u6210\u535a\u5ba2: 18", "blog_type": 1, "content": "\u6b63\u6587: 18", "author": 1, "blog_cover": "blog_cover", "created_time": "2019-05-04T11:34:27.797Z", "last_updated_time": "2019-05-04T11:34:27.797Z", "blog_tag": []}}, {"model": "blog.blog", "pk": 54, "fields": {"title": "\u6279\u91cf\u751f\u6210\u535a\u5ba2: 19", "blog_type": 1, "content": "\u6b63\u6587: 19", "author": 1, "blog_cover": "blog_cover", "created_time": "2019-05-04T11:34:27.805Z", "last_updated_time": "2019-05-04T11:34:27.805Z", "blog_tag": []}}, {"model": "blog.blog", "pk": 55, "fields": {"title": "\u6279\u91cf\u751f\u6210\u535a\u5ba2: 20", "blog_type": 1, "content": "\u6b63\u6587: 20", "author": 1, "blog_cover": "blog_cover", "created_time": "2019-05-04T11:34:27.810Z", "last_updated_time": "2019-05-04T11:34:27.810Z", "blog_tag": []}}, {"model": "blog.blog", "pk": 56, "fields": {"title": "\u6279\u91cf\u751f\u6210\u535a\u5ba2: 21", "blog_type": 1, "content": "\u6b63\u6587: 21", "author": 1, "blog_cover": "blog_cover", "created_time": "2019-05-04T11:34:27.815Z", "last_updated_time": "2019-05-04T11:34:27.815Z", "blog_tag": []}}, {"model": "blog.blog", "pk": 57, "fields": {"title": "\u6279\u91cf\u751f\u6210\u535a\u5ba2: 22", "blog_type": 1, "content": "\u6b63\u6587: 22", "author": 1, "blog_cover": "blog_cover", "created_time": "2019-05-04T11:34:27.821Z", "last_updated_time": "2019-05-04T11:34:27.821Z", "blog_tag": []}}, {"model": "blog.blog", "pk": 58, "fields": {"title": "\u6279\u91cf\u751f\u6210\u535a\u5ba2: 23", "blog_type": 1, "content": "\u6b63\u6587: 23", "author": 1, "blog_cover": "blog_cover", "created_time": "2019-05-04T11:34:27.826Z", "last_updated_time": "2019-05-04T11:34:27.826Z", "blog_tag": []}}, {"model": "blog.blog", "pk": 59, "fields": {"title": "\u6279\u91cf\u751f\u6210\u535a\u5ba2: 24", "blog_type": 1, "content": "\u6b63\u6587: 24", "author": 1, "blog_cover": "blog_cover", "created_time": "2019-05-04T11:34:27.830Z", "last_updated_time": "2019-05-04T11:34:27.830Z", "blog_tag": []}}, {"model": "blog.blog", "pk": 60, "fields": {"title": "\u6279\u91cf\u751f\u6210\u535a\u5ba2: 25", "blog_type": 1, "content": "\u6b63\u6587: 25", "author": 1, "blog_cover": "blog_cover", "created_time": "2019-05-04T11:34:27.835Z", "last_updated_time": "2019-05-04T11:34:27.835Z", "blog_tag": []}}, {"model": "blog.blog", "pk": 61, "fields": {"title": "\u6279\u91cf\u751f\u6210\u535a\u5ba2: 26", "blog_type": 1, "content": "\u6b63\u6587: 26", "author": 1, "blog_cover": "blog_cover", "created_time": "2019-05-04T11:34:27.840Z", "last_updated_time": "2019-05-04T11:34:27.840Z", "blog_tag": []}}, {"model": "blog.blog", "pk": 62, "fields": {"title": "\u6279\u91cf\u751f\u6210\u535a\u5ba2: 27", "blog_type": 1, "content": "\u6b63\u6587: 27", "author": 1, "blog_cover": "blog_cover", "created_time": "2019-05-04T11:34:27.846Z", "last_updated_time": "2019-05-04T11:34:27.846Z", "blog_tag": []}}, {"model": "blog.blog", "pk": 63, "fields": {"title": "\u6279\u91cf\u751f\u6210\u535a\u5ba2: 28", "blog_type": 1, "content": "\u6b63\u6587: 28", "author": 1, "blog_cover": "blog_cover", "created_time": "2019-05-04T11:34:27.851Z", "last_updated_time": "2019-05-04T11:34:27.851Z", "blog_tag": []}}, {"model": "blog.blog", "pk": 64, "fields": {"title": "\u6279\u91cf\u751f\u6210\u535a\u5ba2: 29", "blog_type": 1, "content": "\u6b63\u6587: 29", "author": 1, "blog_cover": "blog_cover", "created_time": "2019-05-04T11:34:27.856Z", "last_updated_time": "2019-05-04T13:31:50.328Z", "blog_tag": []}}, {"model": "blog.blog", "pk": 65, "fields": {"title": "\u6279\u91cf\u751f\u6210\u535a\u5ba2: 30", "blog_type": 1, "content": "<h1>\u6807\u9898\uff1a\u4f60\u770b</h1>\r\n\r\n<p>\u6b63\u6587: 30</p>\r\n\r\n<p>\u56fe\u7247\uff1a<img alt=\"\" src=\"/media/upload/2019/05/04/777.jpg\" style=\"height:209px; width:230px\" /></p>", "author": 1, "blog_cover": "blog_cover", "created_time": "2019-05-04T11:34:27.860Z", "last_updated_time": "2019-05-04T13:48:01.892Z", "blog_tag": []}}, {"model": "blog.blog", "pk": 66, "fields": {"title": "\u548c\u5e73\u7cbe\u82f1\u4eca\u65e5\u516c\u6d4b", "blog_type": 3, "content": "<p>\u3010\u300a\u548c\u5e73\u7cbe\u82f1\u300b\u7f29\u5708\u8bbe\u5b9a\u516c\u5e03\u3011\u300a\u548c\u5e73\u7cbe\u82f1\u300b\u4e5f\u5c06\u4e8e\u4eca\u65e5\u5f00\u542f\u516c\u6d4b\u3002\u5b98\u65b9\u5c55\u793a\u4e86\u6e38\u620f\u4e2d\u7684\u547d\u4e2d\u7279\u6548\u4ee5\u53ca\u7279\u6b8a\u7684&ldquo;\u7f29\u5708&rdquo;\u8bbe\u5b9a\u3002\u6839\u636e\u5b98\u65b9\u4ecb\u7ecd\uff0c\u5728\u6e38\u620f\u6218\u6597\u754c\u9762\u4e2d\uff0c\u4fe1\u53f7\u6761\u663e\u793a\u5728\u9009\u624b\u7684\u5065\u5eb7\u6761\u4e0b\u65b9\u3002\u5728\u7ade\u8d5b\u5f00\u59cb\u540e\uff0c\u5730\u56fe\u4e0a\u5c06\u51fa\u73b0\u5706\u5f62\u7684\u4fe1\u53f7\u63a5\u6536\u533a\uff0c\u968f\u7740\u7ade\u8d5b\u7684\u8fdb\u884c\uff0c\u4fe1\u53f7\u63a5\u6536\u533a\u4f1a\u4e0d\u65ad\u7f29\u5c0f\u3002\u9009\u624b\u5904\u4e8e\u4fe1\u53f7\u63a5\u6536\u533a\u5916\uff0c\u4fe1\u53f7\u503c\u5c06\u4f1a\u4e0d\u65ad\u964d\u4f4e\u3002\u5f53\u4fe1\u53f7\u503c\u4e0b\u964d\u5230\u4e00\u5b9a\u503c\u540e\u4f1a\u89e6\u53d1&ldquo;\u53d7\u51fb&rdquo;\u72b6\u6001\uff0c\u9009\u624b\u53d7\u5230\u653b\u51fb\u65f6\u7684\u4f24\u5bb3\u4f1a\u53d8\u9ad8\u3002\u53d7\u51fb&rdquo;\u7684\u72b6\u6001\u7b49\u7ea7\u4f1a\u8d8a\u4e25\u91cd\uff0c\u9009\u624b\u6240\u53d7\u5230\u7684\u653b\u51fb\u4f24\u5bb3\u4e5f\u4f1a\u8d8a\u9ad8\u3002\u5f53\u4fe1\u53f7\u503c\u4e3a0\u65f6\u9009\u624b\u5c06\u4f1a\u88ab\u6dd8\u6c70\u3002\u76ee\u524d\u6e38\u620f\u5b89\u5353\u53ef\u4ee5\u8fdb\u884c\u6d4b\u8bd5\uff0c\u5168\u5e73\u53f0\u516c\u6d4b\u5c06\u4e8e\u4e0b\u53483\u70b9\u5f00\u59cb~</p>\r\n\r\n<p><img alt=\"\" src=\"/media/upload/2019/05/08/qq20180420165831.png\" style=\"height:135px; width:240px\" /></p>", "author": 1, "blog_cover": "blog_img/2019/05/21/QQ\u622a\u56fe20180420165831.png", "created_time": "2019-05-08T08:14:13.438Z", "last_updated_time": "2019-05-21T01:53:37.764Z", "blog_tag": [2, 3, 4]}}, {"model": "blog.blog", "pk": 67, "fields": {"title": "\u67e5\u770b618\u653b\u7565\u6d3b\u52a8\u5408\u96c6", "blog_type": 3, "content": "<p>\u5de6\u4e0b\u89d2\u9a6c\u4e0a\u3010\u5173\u6ce8\u3011\u7ed9\u4f60\u6700\u5168\u7684618\u653b\u7565\uff0c\u5b9e\u65f6\u66f4\u65b0\uff01 \u2460\u7b2c\u4e00\u6ce2\uff1a6.1\u65e50\u70b9\uff01\u652f\u4ed8\u5c3e\u6b3e\u548c\u70ed\u95e8\u62a2\u8d2d \u2461\u7b2c\u4e8c\u6ce2\uff1a6.16\u65e50\u70b9\u5f00</p>\r\n\r\n<p>https://wx2.sinaimg.cn/crop.2.0.1472.828/006nOMq4gy1g3juhesggij314z0n0t9v.jpg</p>", "author": 1, "blog_cover": "blog_img/default.png", "created_time": "2019-05-31T03:39:34.529Z", "last_updated_time": "2019-05-31T03:39:34.529Z", "blog_tag": [3, 4]}}, {"model": "comment.comment", "pk": 1, "fields": {"content_type": 7, "object_id": 65, "text": "hello~", "comment_time": "2019-05-06T07:55:05.723Z", "user": 1, "root": null, "parent": null, "reply_to": null}}, {"model": "comment.comment", "pk": 2, "fields": {"content_type": 7, "object_id": 65, "text": "123", "comment_time": "2019-05-06T08:02:58.728Z", "user": 1, "root": null, "parent": null, "reply_to": null}}, {"model": "comment.comment", "pk": 3, "fields": {"content_type": 7, "object_id": 3, "text": "test", "comment_time": "2019-05-06T14:32:43.535Z", "user": 1, "root": null, "parent": null, "reply_to": null}}, {"model": "comment.comment", "pk": 4, "fields": {"content_type": 7, "object_id": 65, "text": "xixi", "comment_time": "2019-05-07T03:20:51.595Z", "user": 1, "root": null, "parent": null, "reply_to": null}}, {"model": "comment.comment", "pk": 5, "fields": {"content_type": 7, "object_id": 65, "text": "dddd", "comment_time": "2019-05-07T03:44:52.707Z", "user": 1, "root": null, "parent": null, "reply_to": null}}, {"model": "comment.comment", "pk": 6, "fields": {"content_type": 7, "object_id": 65, "text": "<p>hahah<img alt=\"cheeky\" height=\"23\" src=\"http://localhost:8000/static/ckeditor/ckeditor/plugins/smiley/images/tongue_smile.png\" title=\"cheeky\" width=\"23\" /></p>", "comment_time": "2019-05-07T03:56:11.875Z", "user": 1, "root": null, "parent": null, "reply_to": null}}, {"model": "comment.comment", "pk": 7, "fields": {"content_type": 7, "object_id": 65, "text": "<p>hahah</p>", "comment_time": "2019-05-07T04:15:56.723Z", "user": 1, "root": null, "parent": null, "reply_to": null}}, {"model": "comment.comment", "pk": 8, "fields": {"content_type": 7, "object_id": 65, "text": "<p>\u4f60\u597d<img alt=\"smiley\" height=\"23\" src=\"http://localhost:8000/static/ckeditor/ckeditor/plugins/smiley/images/regular_smile.png\" title=\"smiley\" width=\"23\" /></p>", "comment_time": "2019-05-07T04:21:05.127Z", "user": 1, "root": null, "parent": null, "reply_to": null}}, {"model": "comment.comment", "pk": 9, "fields": {"content_type": 7, "object_id": 65, "text": "<p><img alt=\"wink\" height=\"23\" src=\"http://localhost:8000/static/ckeditor/ckeditor/plugins/smiley/images/wink_smile.png\" title=\"wink\" width=\"23\" /></p>", "comment_time": "2019-05-07T04:31:36.026Z", "user": 1, "root": null, "parent": null, "reply_to": null}}, {"model": "comment.comment", "pk": 10, "fields": {"content_type": 7, "object_id": 65, "text": "<p><img alt=\"indecision\" height=\"23\" src=\"http://localhost:8000/static/ckeditor/ckeditor/plugins/smiley/images/whatchutalkingabout_smile.png\" title=\"indecision\" width=\"23\" />\u563b\u563b</p>", "comment_time": "2019-05-07T14:17:53.645Z", "user": 1, "root": 9, "parent": 9, "reply_to": 1}}, {"model": "comment.comment", "pk": 11, "fields": {"content_type": 7, "object_id": 65, "text": "<p>\u4f60\u597d\u554a<img alt=\"surprise\" height=\"23\" src=\"http://localhost:8000/static/ckeditor/ckeditor/plugins/smiley/images/omg_smile.png\" title=\"surprise\" width=\"23\" /></p>", "comment_time": "2019-05-07T14:23:32.500Z", "user": 1, "root": 9, "parent": 10, "reply_to": 1}}, {"model": "comment.comment", "pk": 12, "fields": {"content_type": 7, "object_id": 65, "text": "<p><img alt=\"smiley\" height=\"23\" src=\"http://localhost:8000/static/ckeditor/ckeditor/plugins/smiley/images/regular_smile.png\" title=\"smiley\" width=\"23\" /><img alt=\"wink\" height=\"23\" src=\"http://localhost:8000/static/ckeditor/ckeditor/plugins/smiley/images/wink_smile.png\" title=\"wink\" width=\"23\" /><img alt=\"smiley\" height=\"23\" src=\"http://localhost:8000/static/ckeditor/ckeditor/plugins/smiley/images/regular_smile.png\" title=\"smiley\" width=\"23\" /><img alt=\"wink\" height=\"23\" src=\"http://localhost:8000/static/ckeditor/ckeditor/plugins/smiley/images/wink_smile.png\" title=\"wink\" width=\"23\" /><img alt=\"smiley\" height=\"23\" src=\"http://localhost:8000/static/ckeditor/ckeditor/plugins/smiley/images/regular_smile.png\" title=\"smiley\" width=\"23\" /><img alt=\"wink\" height=\"23\" src=\"http://localhost:8000/static/ckeditor/ckeditor/plugins/smiley/images/wink_smile.png\" title=\"wink\" width=\"23\" /></p>", "comment_time": "2019-05-07T14:30:59.299Z", "user": 1, "root": 9, "parent": 10, "reply_to": 1}}, {"model": "comment.comment", "pk": 13, "fields": {"content_type": 7, "object_id": 65, "text": "<p><img alt=\"wink\" height=\"23\" src=\"http://localhost:8000/static/ckeditor/ckeditor/plugins/smiley/images/wink_smile.png\" title=\"wink\" width=\"23\" />\u563b\u563b\u563btest</p>", "comment_time": "2019-05-07T14:32:03.064Z", "user": 1, "root": 9, "parent": 11, "reply_to": 1}}, {"model": "comment.comment", "pk": 14, "fields": {"content_type": 7, "object_id": 65, "text": "<p><img alt=\"wink\" height=\"23\" src=\"http://127.0.0.1:8000/static/ckeditor/ckeditor/plugins/smiley/images/wink_smile.png\" title=\"wink\" width=\"23\" />\u563b\u563b</p>", "comment_time": "2019-05-07T14:55:49.080Z", "user": 1, "root": 1, "parent": 1, "reply_to": 1}}, {"model": "comment.comment", "pk": 15, "fields": {"content_type": 7, "object_id": 65, "text": "<p>\u5c31\u662f\u8fd9\u6837\u7684\u54c7</p>", "comment_time": "2019-05-08T05:23:51.870Z", "user": 1, "root": 4, "parent": 4, "reply_to": 1}}, {"model": "comment.comment", "pk": 16, "fields": {"content_type": 7, "object_id": 3, "text": "<p>adasdad</p>", "comment_time": "2019-05-08T05:48:53.762Z", "user": 1, "root": 3, "parent": 3, "reply_to": 1}}, {"model": "comment.comment", "pk": 17, "fields": {"content_type": 7, "object_id": 3, "text": "<p>\u6d4b\u8bd5\u8bc4\u8bba</p>", "comment_time": "2019-05-08T06:01:14.018Z", "user": 1, "root": null, "parent": null, "reply_to": null}}, {"model": "comment.comment", "pk": 18, "fields": {"content_type": 7, "object_id": 64, "text": "<p>\u54c8\u54c8\u54c8<img alt=\"smiley\" height=\"23\" src=\"http://127.0.0.1:8000/static/ckeditor/ckeditor/plugins/smiley/images/regular_smile.png\" title=\"smiley\" width=\"23\" />!</p>\r\n\r\n<blockquote>\r\n<p>python</p>\r\n</blockquote>", "comment_time": "2019-05-08T06:07:59.366Z", "user": 1, "root": null, "parent": null, "reply_to": null}}, {"model": "comment.comment", "pk": 19, "fields": {"content_type": 7, "object_id": 64, "text": "<p>\u7b2c\u4e8c\u6761\u8bc4\u8bba</p>", "comment_time": "2019-05-08T06:16:30.564Z", "user": 1, "root": null, "parent": null, "reply_to": null}}, {"model": "comment.comment", "pk": 20, "fields": {"content_type": 7, "object_id": 64, "text": "<p>\u54c8\u54c8\u54c8</p>", "comment_time": "2019-05-08T06:22:54.801Z", "user": 1, "root": 19, "parent": 19, "reply_to": 1}}, {"model": "comment.comment", "pk": 21, "fields": {"content_type": 7, "object_id": 64, "text": "<p>\u7b11\u4ec0\u4e48</p>", "comment_time": "2019-05-08T06:25:17.080Z", "user": 1, "root": 19, "parent": 20, "reply_to": 1}}, {"model": "comment.comment", "pk": 22, "fields": {"content_type": 7, "object_id": 64, "text": "<p>\u97a5</p>", "comment_time": "2019-05-08T06:25:49.714Z", "user": 1, "root": 19, "parent": 21, "reply_to": 1}}, {"model": "comment.comment", "pk": 23, "fields": {"content_type": 7, "object_id": 64, "text": "<p>123</p>", "comment_time": "2019-05-08T06:25:57.505Z", "user": 1, "root": 19, "parent": 22, "reply_to": 1}}, {"model": "comment.comment", "pk": 24, "fields": {"content_type": 7, "object_id": 65, "text": "<p>\u6211\u90fd\u70b9\u8d5e\u4e86</p>", "comment_time": "2019-05-08T08:23:00.660Z", "user": 1, "root": 9, "parent": 13, "reply_to": 1}}, {"model": "comment.comment", "pk": 25, "fields": {"content_type": 7, "object_id": 65, "text": "<p><img alt=\"yes\" height=\"23\" src=\"http://localhost:8000/static/ckeditor/ckeditor/plugins/smiley/images/thumbs_up.png\" title=\"yes\" width=\"23\" /></p>", "comment_time": "2019-05-08T08:31:37.130Z", "user": 1, "root": 9, "parent": 24, "reply_to": 1}}, {"model": "comment.comment", "pk": 26, "fields": {"content_type": 7, "object_id": 66, "text": "<p>xiixi</p>", "comment_time": "2019-05-09T06:51:34.449Z", "user": 1, "root": null, "parent": null, "reply_to": null}}, {"model": "comment.comment", "pk": 27, "fields": {"content_type": 7, "object_id": 66, "text": "<p>\u5389\u5bb3\u554a</p>", "comment_time": "2019-05-09T07:54:53.563Z", "user": 2, "root": 26, "parent": 26, "reply_to": 1}}, {"model": "comment.comment", "pk": 28, "fields": {"content_type": 7, "object_id": 66, "text": "<p><img alt=\"wink\" height=\"23\" src=\"http://localhost:8000/static/ckeditor/ckeditor/plugins/smiley/images/wink_smile.png\" title=\"wink\" width=\"23\" /></p>", "comment_time": "2019-05-09T08:53:54.910Z", "user": 2, "root": 26, "parent": 26, "reply_to": 1}}, {"model": "likes.likerecord", "pk": 6, "fields": {"content_type": 12, "object_id": 10, "user": 1, "like_time": "2019-05-08T07:59:07.717Z"}}, {"model": "likes.likerecord", "pk": 7, "fields": {"content_type": 12, "object_id": 11, "user": 1, "like_time": "2019-05-08T07:59:08.438Z"}}, {"model": "likes.likerecord", "pk": 22, "fields": {"content_type": 7, "object_id": 65, "user": 1, "like_time": "2019-05-08T08:11:15.087Z"}}, {"model": "likes.likerecord", "pk": 23, "fields": {"content_type": 7, "object_id": 66, "user": 1, "like_time": "2019-05-08T08:14:22.352Z"}}, {"model": "likes.likerecord", "pk": 24, "fields": {"content_type": 12, "object_id": 12, "user": 1, "like_time": "2019-05-08T08:22:49.596Z"}}, {"model": "likes.likerecord", "pk": 25, "fields": {"content_type": 12, "object_id": 13, "user": 1, "like_time": "2019-05-08T08:22:52.401Z"}}, {"model": "likes.likerecord", "pk": 26, "fields": {"content_type": 12, "object_id": 24, "user": 1, "like_time": "2019-05-08T08:23:10.781Z"}}, {"model": "likes.likerecord", "pk": 27, "fields": {"content_type": 12, "object_id": 25, "user": 1, "like_time": "2019-05-08T08:31:39.488Z"}}, {"model": "likes.likerecord", "pk": 29, "fields": {"content_type": 12, "object_id": 9, "user": 1, "like_time": "2019-05-08T08:49:21.559Z"}}, {"model": "likes.likerecord", "pk": 30, "fields": {"content_type": 12, "object_id": 26, "user": 2, "like_time": "2019-05-09T07:54:56.354Z"}}, {"model": "user.profile", "pk": 1, "fields": {"user": 1, "nickname": "\u8d85\u7ea7\u7ba1\u7406\u5458", "userimg": "user_img/default_admin_2NrQsMO.jpg"}}, {"model": "user.profile", "pk": 2, "fields": {"user": 2, "nickname": "Uzi", "userimg": "user_img/2019/05/31/default_64.png"}}, {"model": "admin.logentry", "pk": 1, "fields": {"action_time": "2019-04-30T08:07:22.919Z", "user": 1, "content_type": 8, "object_id": "1", "object_repr": "\u968f\u7b14", "action_flag": 1, "change_message": "[{\"added\": {}}]"}}, {"model": "admin.logentry", "pk": 2, "fields": {"action_time": "2019-04-30T08:07:25.651Z", "user": 1, "content_type": 8, "object_id": "2", "object_repr": "\u611f\u609f", "action_flag": 1, "change_message": "[{\"added\": {}}]"}}, {"model": "admin.logentry", "pk": 3, "fields": {"action_time": "2019-04-30T08:07:28.632Z", "user": 1, "content_type": 8, "object_id": "3", "object_repr": "\u6458\u8bb0", "action_flag": 1, "change_message": "[{\"added\": {}}]"}}, {"model": "admin.logentry", "pk": 4, "fields": {"action_time": "2019-04-30T08:07:47.399Z", "user": 1, "content_type": 7, "object_id": "1", "object_repr": "<Blog: \u7b2c\u4e00\u7bc7\u535a\u5ba2>", "action_flag": 1, "change_message": "[{\"added\": {}}]"}}, {"model": "admin.logentry", "pk": 5, "fields": {"action_time": "2019-04-30T12:29:25.976Z", "user": 1, "content_type": 7, "object_id": "2", "object_repr": "<Blog: \u7b2c\u4e8c\u7bc7\u535a\u5ba2>", "action_flag": 1, "change_message": "[{\"added\": {}}]"}}, {"model": "admin.logentry", "pk": 6, "fields": {"action_time": "2019-05-01T15:39:02.801Z", "user": 1, "content_type": 7, "object_id": "3", "object_repr": "<Blog: \u957f\u535a\u6587>", "action_flag": 1, "change_message": "[{\"added\": {}}]"}}, {"model": "admin.logentry", "pk": 7, "fields": {"action_time": "2019-05-04T11:04:20.112Z", "user": 1, "content_type": 7, "object_id": "34", "object_repr": "<Blog: \u6279\u91cf\u751f\u4ea7\u7684\u535a\u5ba2\uff1afor 30>", "action_flag": 2, "change_message": "[{\"changed\": {\"fields\": [\"content\"]}}]"}}, {"model": "admin.logentry", "pk": 8, "fields": {"action_time": "2019-05-04T11:13:25.642Z", "user": 1, "content_type": 7, "object_id": "35", "object_repr": "<Blog: \u611f\u609f\u6d4b\u8bd5>", "action_flag": 1, "change_message": "[{\"added\": {}}]"}}, {"model": "admin.logentry", "pk": 9, "fields": {"action_time": "2019-05-04T11:24:04.102Z", "user": 1, "content_type": 7, "object_id": "34", "object_repr": "<Blog: \u6279\u91cf\u751f\u4ea7\u7684\u535a\u5ba2\uff1afor 30>", "action_flag": 3, "change_message": ""}}, {"model": "admin.logentry", "pk": 10, "fields": {"action_time": "2019-05-04T11:24:04.108Z", "user": 1, "content_type": 7, "object_id": "33", "object_repr": "<Blog: \u6279\u91cf\u751f\u4ea7\u7684\u535a\u5ba2\uff1afor 29>", "action_flag": 3, "change_message": ""}}, {"model": "admin.logentry", "pk": 11, "fields": {"action_time": "2019-05-04T11:24:04.114Z", "user": 1, "content_type": 7, "object_id": "32", "object_repr": "<Blog: \u6279\u91cf\u751f\u4ea7\u7684\u535a\u5ba2\uff1afor 28>", "action_flag": 3, "change_message": ""}}, {"model": "admin.logentry", "pk": 12, "fields": {"action_time": "2019-05-04T11:24:04.119Z", "user": 1, "content_type": 7, "object_id": "31", "object_repr": "<Blog: \u6279\u91cf\u751f\u4ea7\u7684\u535a\u5ba2\uff1afor 27>", "action_flag": 3, "change_message": ""}}, {"model": "admin.logentry", "pk": 13, "fields": {"action_time": "2019-05-04T11:24:04.123Z", "user": 1, "content_type": 7, "object_id": "30", "object_repr": "<Blog: \u6279\u91cf\u751f\u4ea7\u7684\u535a\u5ba2\uff1afor 26>", "action_flag": 3, "change_message": ""}}, {"model": "admin.logentry", "pk": 14, "fields": {"action_time": "2019-05-04T11:24:04.129Z", "user": 1, "content_type": 7, "object_id": "29", "object_repr": "<Blog: \u6279\u91cf\u751f\u4ea7\u7684\u535a\u5ba2\uff1afor 25>", "action_flag": 3, "change_message": ""}}, {"model": "admin.logentry", "pk": 15, "fields": {"action_time": "2019-05-04T11:24:04.134Z", "user": 1, "content_type": 7, "object_id": "28", "object_repr": "<Blog: \u6279\u91cf\u751f\u4ea7\u7684\u535a\u5ba2\uff1afor 24>", "action_flag": 3, "change_message": ""}}, {"model": "admin.logentry", "pk": 16, "fields": {"action_time": "2019-05-04T11:24:04.140Z", "user": 1, "content_type": 7, "object_id": "27", "object_repr": "<Blog: \u6279\u91cf\u751f\u4ea7\u7684\u535a\u5ba2\uff1afor 23>", "action_flag": 3, "change_message": ""}}, {"model": "admin.logentry", "pk": 17, "fields": {"action_time": "2019-05-04T11:24:04.146Z", "user": 1, "content_type": 7, "object_id": "26", "object_repr": "<Blog: \u6279\u91cf\u751f\u4ea7\u7684\u535a\u5ba2\uff1afor 22>", "action_flag": 3, "change_message": ""}}, {"model": "admin.logentry", "pk": 18, "fields": {"action_time": "2019-05-04T11:24:04.151Z", "user": 1, "content_type": 7, "object_id": "25", "object_repr": "<Blog: \u6279\u91cf\u751f\u4ea7\u7684\u535a\u5ba2\uff1afor 21>", "action_flag": 3, "change_message": ""}}, {"model": "admin.logentry", "pk": 19, "fields": {"action_time": "2019-05-04T11:24:04.156Z", "user": 1, "content_type": 7, "object_id": "24", "object_repr": "<Blog: \u6279\u91cf\u751f\u4ea7\u7684\u535a\u5ba2\uff1afor 20>", "action_flag": 3, "change_message": ""}}, {"model": "admin.logentry", "pk": 20, "fields": {"action_time": "2019-05-04T11:24:04.162Z", "user": 1, "content_type": 7, "object_id": "23", "object_repr": "<Blog: \u6279\u91cf\u751f\u4ea7\u7684\u535a\u5ba2\uff1afor 19>", "action_flag": 3, "change_message": ""}}, {"model": "admin.logentry", "pk": 21, "fields": {"action_time": "2019-05-04T11:24:04.170Z", "user": 1, "content_type": 7, "object_id": "22", "object_repr": "<Blog: \u6279\u91cf\u751f\u4ea7\u7684\u535a\u5ba2\uff1afor 18>", "action_flag": 3, "change_message": ""}}, {"model": "admin.logentry", "pk": 22, "fields": {"action_time": "2019-05-04T11:24:04.179Z", "user": 1, "content_type": 7, "object_id": "21", "object_repr": "<Blog: \u6279\u91cf\u751f\u4ea7\u7684\u535a\u5ba2\uff1afor 17>", "action_flag": 3, "change_message": ""}}, {"model": "admin.logentry", "pk": 23, "fields": {"action_time": "2019-05-04T11:24:04.188Z", "user": 1, "content_type": 7, "object_id": "20", "object_repr": "<Blog: \u6279\u91cf\u751f\u4ea7\u7684\u535a\u5ba2\uff1afor 16>", "action_flag": 3, "change_message": ""}}, {"model": "admin.logentry", "pk": 24, "fields": {"action_time": "2019-05-04T11:24:04.194Z", "user": 1, "content_type": 7, "object_id": "19", "object_repr": "<Blog: \u6279\u91cf\u751f\u4ea7\u7684\u535a\u5ba2\uff1afor 15>", "action_flag": 3, "change_message": ""}}, {"model": "admin.logentry", "pk": 25, "fields": {"action_time": "2019-05-04T11:24:04.200Z", "user": 1, "content_type": 7, "object_id": "18", "object_repr": "<Blog: \u6279\u91cf\u751f\u4ea7\u7684\u535a\u5ba2\uff1afor 14>", "action_flag": 3, "change_message": ""}}, {"model": "admin.logentry", "pk": 26, "fields": {"action_time": "2019-05-04T11:24:04.204Z", "user": 1, "content_type": 7, "object_id": "17", "object_repr": "<Blog: \u6279\u91cf\u751f\u4ea7\u7684\u535a\u5ba2\uff1afor 13>", "action_flag": 3, "change_message": ""}}, {"model": "admin.logentry", "pk": 27, "fields": {"action_time": "2019-05-04T11:24:04.210Z", "user": 1, "content_type": 7, "object_id": "16", "object_repr": "<Blog: \u6279\u91cf\u751f\u4ea7\u7684\u535a\u5ba2\uff1afor 12>", "action_flag": 3, "change_message": ""}}, {"model": "admin.logentry", "pk": 28, "fields": {"action_time": "2019-05-04T11:24:04.214Z", "user": 1, "content_type": 7, "object_id": "15", "object_repr": "<Blog: \u6279\u91cf\u751f\u4ea7\u7684\u535a\u5ba2\uff1afor 11>", "action_flag": 3, "change_message": ""}}, {"model": "admin.logentry", "pk": 29, "fields": {"action_time": "2019-05-04T11:24:04.220Z", "user": 1, "content_type": 7, "object_id": "14", "object_repr": "<Blog: \u6279\u91cf\u751f\u4ea7\u7684\u535a\u5ba2\uff1afor 10>", "action_flag": 3, "change_message": ""}}, {"model": "admin.logentry", "pk": 30, "fields": {"action_time": "2019-05-04T11:24:04.225Z", "user": 1, "content_type": 7, "object_id": "13", "object_repr": "<Blog: \u6279\u91cf\u751f\u4ea7\u7684\u535a\u5ba2\uff1afor 9>", "action_flag": 3, "change_message": ""}}, {"model": "admin.logentry", "pk": 31, "fields": {"action_time": "2019-05-04T11:24:04.230Z", "user": 1, "content_type": 7, "object_id": "12", "object_repr": "<Blog: \u6279\u91cf\u751f\u4ea7\u7684\u535a\u5ba2\uff1afor 8>", "action_flag": 3, "change_message": ""}}, {"model": "admin.logentry", "pk": 32, "fields": {"action_time": "2019-05-04T11:24:04.235Z", "user": 1, "content_type": 7, "object_id": "11", "object_repr": "<Blog: \u6279\u91cf\u751f\u4ea7\u7684\u535a\u5ba2\uff1afor 7>", "action_flag": 3, "change_message": ""}}, {"model": "admin.logentry", "pk": 33, "fields": {"action_time": "2019-05-04T11:24:04.240Z", "user": 1, "content_type": 7, "object_id": "10", "object_repr": "<Blog: \u6279\u91cf\u751f\u4ea7\u7684\u535a\u5ba2\uff1afor 6>", "action_flag": 3, "change_message": ""}}, {"model": "admin.logentry", "pk": 34, "fields": {"action_time": "2019-05-04T11:24:04.245Z", "user": 1, "content_type": 7, "object_id": "9", "object_repr": "<Blog: \u6279\u91cf\u751f\u4ea7\u7684\u535a\u5ba2\uff1afor 5>", "action_flag": 3, "change_message": ""}}, {"model": "admin.logentry", "pk": 35, "fields": {"action_time": "2019-05-04T11:24:04.250Z", "user": 1, "content_type": 7, "object_id": "8", "object_repr": "<Blog: \u6279\u91cf\u751f\u4ea7\u7684\u535a\u5ba2\uff1afor 4>", "action_flag": 3, "change_message": ""}}, {"model": "admin.logentry", "pk": 36, "fields": {"action_time": "2019-05-04T11:24:04.254Z", "user": 1, "content_type": 7, "object_id": "7", "object_repr": "<Blog: \u6279\u91cf\u751f\u4ea7\u7684\u535a\u5ba2\uff1afor 3>", "action_flag": 3, "change_message": ""}}, {"model": "admin.logentry", "pk": 37, "fields": {"action_time": "2019-05-04T11:24:04.260Z", "user": 1, "content_type": 7, "object_id": "6", "object_repr": "<Blog: \u6279\u91cf\u751f\u4ea7\u7684\u535a\u5ba2\uff1afor 2>", "action_flag": 3, "change_message": ""}}, {"model": "admin.logentry", "pk": 38, "fields": {"action_time": "2019-05-04T11:24:04.265Z", "user": 1, "content_type": 7, "object_id": "5", "object_repr": "<Blog: \u6279\u91cf\u751f\u4ea7\u7684\u535a\u5ba2\uff1afor 1>", "action_flag": 3, "change_message": ""}}, {"model": "admin.logentry", "pk": 39, "fields": {"action_time": "2019-05-04T13:18:27.785Z", "user": 1, "content_type": 7, "object_id": "65", "object_repr": "<Blog: \u6279\u91cf\u751f\u6210\u535a\u5ba2: 30>", "action_flag": 2, "change_message": "[{\"changed\": {\"fields\": [\"content\"]}}]"}}, {"model": "admin.logentry", "pk": 40, "fields": {"action_time": "2019-05-04T14:03:57.408Z", "user": 1, "content_type": 9, "object_id": "1", "object_repr": "ReadNum object (1)", "action_flag": 1, "change_message": "[{\"added\": {}}]"}}, {"model": "admin.logentry", "pk": 41, "fields": {"action_time": "2019-05-04T14:37:12.417Z", "user": 1, "content_type": 10, "object_id": "1", "object_repr": "ReadNum object (1)", "action_flag": 1, "change_message": "[{\"added\": {}}]"}}, {"model": "admin.logentry", "pk": 42, "fields": {"action_time": "2019-05-05T05:21:30.666Z", "user": 1, "content_type": 11, "object_id": "1", "object_repr": "ReadDetail object (1)", "action_flag": 1, "change_message": "[{\"added\": {}}]"}}, {"model": "admin.logentry", "pk": 43, "fields": {"action_time": "2019-05-05T05:21:48.977Z", "user": 1, "content_type": 11, "object_id": "1", "object_repr": "ReadDetail object (1)", "action_flag": 3, "change_message": ""}}, {"model": "admin.logentry", "pk": 44, "fields": {"action_time": "2019-05-05T05:50:31.112Z", "user": 1, "content_type": 11, "object_id": "5", "object_repr": "ReadDetail object (5)", "action_flag": 1, "change_message": "[{\"added\": {}}]"}}, {"model": "admin.logentry", "pk": 45, "fields": {"action_time": "2019-05-05T06:30:10.521Z", "user": 1, "content_type": 11, "object_id": "6", "object_repr": "ReadDetail object (6)", "action_flag": 1, "change_message": "[{\"added\": {}}]"}}, {"model": "admin.logentry", "pk": 46, "fields": {"action_time": "2019-05-05T06:46:51.824Z", "user": 1, "content_type": 11, "object_id": "6", "object_repr": "ReadDetail object (6)", "action_flag": 3, "change_message": ""}}, {"model": "admin.logentry", "pk": 47, "fields": {"action_time": "2019-05-05T06:46:51.835Z", "user": 1, "content_type": 11, "object_id": "5", "object_repr": "ReadDetail object (5)", "action_flag": 3, "change_message": ""}}, {"model": "admin.logentry", "pk": 48, "fields": {"action_time": "2019-05-05T06:52:37.769Z", "user": 1, "content_type": 11, "object_id": "7", "object_repr": "ReadDetail object (7)", "action_flag": 1, "change_message": "[{\"added\": {}}]"}}, {"model": "admin.logentry", "pk": 49, "fields": {"action_time": "2019-05-08T08:14:13.447Z", "user": 1, "content_type": 7, "object_id": "66", "object_repr": "<Blog: \u548c\u5e73\u7cbe\u82f1\u4eca\u65e5\u516c\u6d4b>", "action_flag": 1, "change_message": "[{\"added\": {}}]"}}, {"model": "admin.logentry", "pk": 50, "fields": {"action_time": "2019-05-09T07:28:48.612Z", "user": 1, "content_type": 15, "object_id": "1", "object_repr": "<Profile>: lhw for admin", "action_flag": 1, "change_message": "[{\"added\": {}}]"}}, {"model": "admin.logentry", "pk": 51, "fields": {"action_time": "2019-05-09T07:38:48.295Z", "user": 1, "content_type": 4, "object_id": "1", "object_repr": "admin", "action_flag": 2, "change_message": "[{\"changed\": {\"fields\": [\"last_login\"]}}, {\"changed\": {\"name\": \"profile\", \"object\": \"<Profile>: \\u5ed6\\u9ec4\\u709c for admin\", \"fields\": [\"nickname\"]}}]"}}, {"model": "admin.logentry", "pk": 52, "fields": {"action_time": "2019-05-09T09:08:09.870Z", "user": 1, "content_type": 4, "object_id": "2", "object_repr": "test", "action_flag": 2, "change_message": "[{\"changed\": {\"fields\": [\"email\", \"last_login\"]}}]"}}, {"model": "admin.logentry", "pk": 53, "fields": {"action_time": "2019-05-09T09:08:19.824Z", "user": 1, "content_type": 4, "object_id": "2", "object_repr": "test", "action_flag": 2, "change_message": "[{\"changed\": {\"fields\": [\"email\"]}}]"}}, {"model": "admin.logentry", "pk": 54, "fields": {"action_time": "2019-05-20T23:50:45.693Z", "user": 1, "content_type": 16, "object_id": "1", "object_repr": "python", "action_flag": 1, "change_message": "[{\"added\": {}}]"}}, {"model": "admin.logentry", "pk": 55, "fields": {"action_time": "2019-05-20T23:50:52.836Z", "user": 1, "content_type": 16, "object_id": "2", "object_repr": "\u65b0\u95fb", "action_flag": 1, "change_message": "[{\"added\": {}}]"}}, {"model": "admin.logentry", "pk": 56, "fields": {"action_time": "2019-05-20T23:51:03.607Z", "user": 1, "content_type": 16, "object_id": "3", "object_repr": "\u5947\u8469", "action_flag": 1, "change_message": "[{\"added\": {}}]"}}, {"model": "admin.logentry", "pk": 57, "fields": {"action_time": "2019-05-20T23:51:06.824Z", "user": 1, "content_type": 16, "object_id": "4", "object_repr": "\u817e\u8baf", "action_flag": 1, "change_message": "[{\"added\": {}}]"}}, {"model": "admin.logentry", "pk": 58, "fields": {"action_time": "2019-05-20T23:51:54.285Z", "user": 1, "content_type": 7, "object_id": "66", "object_repr": "<Blog: \u548c\u5e73\u7cbe\u82f1\u4eca\u65e5\u516c\u6d4b>", "action_flag": 2, "change_message": "[{\"changed\": {\"fields\": [\"blog_tag\"]}}]"}}, {"model": "admin.logentry", "pk": 59, "fields": {"action_time": "2019-05-21T01:53:37.766Z", "user": 1, "content_type": 7, "object_id": "66", "object_repr": "<Blog: \u548c\u5e73\u7cbe\u82f1\u4eca\u65e5\u516c\u6d4b>", "action_flag": 2, "change_message": "[{\"changed\": {\"fields\": [\"blog_cover\"]}}]"}}, {"model": "admin.logentry", "pk": 60, "fields": {"action_time": "2019-05-21T03:19:10.626Z", "user": 1, "content_type": 4, "object_id": "1", "object_repr": "admin", "action_flag": 2, "change_message": "[{\"changed\": {\"fields\": [\"last_login\"]}}, {\"changed\": {\"name\": \"\\u6635\\u79f0\\u5e93\", \"object\": \"<Profile>: \\u8d85\\u7ea7\\u7ba1\\u7406\\u5458 for admin\", \"fields\": [\"userimg\"]}}]"}}, {"model": "admin.logentry", "pk": 61, "fields": {"action_time": "2019-05-31T03:39:34.540Z", "user": 1, "content_type": 7, "object_id": "67", "object_repr": "<Blog: \u67e5\u770b618\u653b\u7565\u6d3b\u52a8\u5408\u96c6>", "action_flag": 1, "change_message": "[{\"added\": {}}]"}}, {"model": "admin.logentry", "pk": 62, "fields": {"action_time": "2019-05-31T07:15:21.398Z", "user": 1, "content_type": 4, "object_id": "1", "object_repr": "admin", "action_flag": 2, "change_message": "[{\"changed\": {\"fields\": [\"last_login\"]}}, {\"changed\": {\"name\": \"\\u6635\\u79f0\\u5e93\", \"object\": \"<Profile>: \\u8d85\\u7ea7\\u7ba1\\u7406\\u5458 for admin\", \"fields\": [\"avatar\"]}}]"}}, {"model": "admin.logentry", "pk": 63, "fields": {"action_time": "2019-05-31T07:20:47.974Z", "user": 1, "content_type": 4, "object_id": "2", "object_repr": "test", "action_flag": 2, "change_message": "[{\"changed\": {\"fields\": [\"last_login\"]}}, {\"changed\": {\"name\": \"\\u6635\\u79f0\\u5e93\", \"object\": \"<Profile>: Uzi for test\", \"fields\": [\"userimg\", \"avatar\"]}}]"}}, {"model": "admin.logentry", "pk": 64, "fields": {"action_time": "2019-05-31T14:23:06.458Z", "user": 1, "content_type": 15, "object_id": "1", "object_repr": "<Profile>: \u8d85\u7ea7\u7ba1\u7406\u5458 for admin", "action_flag": 2, "change_message": "[{\"changed\": {\"fields\": [\"userimg\"]}}]"}}, {"model": "admin.logentry", "pk": 65, "fields": {"action_time": "2019-05-31T14:23:38.699Z", "user": 1, "content_type": 4, "object_id": "1", "object_repr": "admin", "action_flag": 2, "change_message": "[{\"changed\": {\"fields\": [\"last_login\"]}}, {\"changed\": {\"name\": \"\\u6635\\u79f0\\u5e93\", \"object\": \"<Profile>: \\u8d85\\u7ea7\\u7ba1\\u7406\\u5458 for admin\", \"fields\": [\"userimg\"]}}]"}}]